<?xml version="1.0" encoding="UTF-8"?>
<project-private xmlns="http://www.netbeans.org/ns/project-private/1">
    <editor-bookmarks xmlns="http://www.netbeans.org/ns/editor-bookmarks/2" lastBookmarkId="0"/>
    <open-files xmlns="http://www.netbeans.org/ns/projectui-open-files/2">
        <group>
            <file>file:/C:/Users/ky115/OneDrive/Documents/NetBeansProjects/Airline_Managemant_System/src/airline_managemant_system/Home.java</file>
            <file>file:/C:/Users/ky115/OneDrive/Documents/NetBeansProjects/Airline_Managemant_System/src/airline_managemant_system/Cancel.java</file>
            <file>file:/C:/Users/ky115/OneDrive/Documents/NetBeansProjects/Airline_Managemant_System/src/airline_managemant_system/Login.java</file>
            <file>file:/C:/Users/ky115/OneDrive/Documents/NetBeansProjects/Airline_Managemant_System/src/airline_managemant_system/Conn.java</file>
            <file>file:/C:/Users/ky115/OneDrive/Documents/NetBeansProjects/Airline_Managemant_System/src/airline_managemant_system/JourneyDetails.java</file>
            <file>file:/C:/Users/ky115/OneDrive/Documents/NetBeansProjects/Airline_Managemant_System/src/airline_managemant_system/Bookflight.java</file>
            <file>file:/C:/Users/ky115/OneDrive/Documents/NetBeansProjects/Airline_Managemant_System/src/airline_managemant_system/BoardingPass.java</file>
        </group>
    </open-files>
</project-private>
